Product ID,Current RMS Name,Website Visible,Website Display Name,Website Department,Website Category,Website Subcategory,Classification Source,Image Status,Description Status,Review Required
1247,01m Power + Data Cable BBD - BBD,Yes,01m Power + Data Cable BBD - BBD,Cable,Other Equipment,Browse All,Fallback,Local image,Missing,Yes
1138,0.21m Section - Milos M290V Quatro Truss,Yes,0.21m Section - Milos M290V Quatro Truss,Rigging,Truss,290 Silver,Rule 10,Missing URL,Present,Yes
1156,0.25m BC Festoon Pendant – B22 Lamp Holder,Yes,0.25m BC Festoon Pendant – B22 Lamp Holder,Accessories,Other Equipment,Browse All,Fallback,Local image,Missing,Yes
1246,02.5m Power + Data Cable BBD - BBD,Yes,02.5m Power + Data Cable BBD - BBD,Cable,Other Equipment,Browse All,Fallback,Local image,Missing,Yes
681,0.25m Section - Milos M290V Quatro Truss,Yes,0.25m Section - Milos M290V Quatro Truss,Rigging,Truss,290 Silver,Rule 10,Local image,Present,No
1220,0.25m Section - Milos M290V Trio Truss,Yes,0.25m Section - Milos M290V Trio Truss,Rigging,Truss,290 Silver,Rule 10,Local image,Present,No
680,0.29m Section - Milos M290V Quatro Truss,Yes,0.29m Section - Milos M290V Quatro Truss,Rigging,Truss,290 Silver,Rule 10,Local image,Present,No
999,0.29m Section - Milos M290V Quatro Truss (Black),Yes,0.29m Section - Milos M290V Quatro Truss (Black),Rigging,Truss,290 Black,Rule 20,Missing URL,Present,Yes
1157,0.5m BC Festoon Pendant – B22 Lamp Holder,Yes,0.5m BC Festoon Pendant – B22 Lamp Holder,Accessories,Other Equipment,Browse All,Fallback,Local image,Missing,Yes
1541,0.5m BC Festoon Pendant – E27 Lamp Holder,Yes,0.5m BC Festoon Pendant – E27 Lamp Holder,Accessories,Other Equipment,Browse All,Fallback,Local image,Missing,Yes
1245,05m Power + Data Cable BBD - BBD,Yes,05m Power + Data Cable BBD - BBD,Cable,Other Equipment,Browse All,Fallback,Local image,Missing,Yes
149,0.5m Section - Milos M290V Quatro Truss,Yes,0.5m Section - Milos M290V Quatro Truss,Rigging,Truss,290 Silver,Rule 10,Local image,Present,No
710,0.5m Section - Milos M290V Quatro Truss (BLACK),Yes,0.5m Section - Milos M290V Quatro Truss (BLACK),Rigging,Truss,290 Black,Rule 20,Local image,Present,No
1221,0.5m Section - Milos M290V Trio Truss,Yes,0.5m Section - Milos M290V Trio Truss,Rigging,Truss,290 Silver,Rule 10,Local image,Present,No
850,0.5m Section - Milos M390V Quatro Truss,Yes,0.5m Section - Milos M390V Quatro Truss,Rigging,Truss,390 Silver,Rule 30,Local image,Present,No
757,0.5m Steel Wire Rope 2 Ton,Yes,0.5m Steel Wire Rope 2 Ton,Rigging,Rigging Hardware,Steels & Slings,Rule 90,Missing URL,Present,Yes
502,0.71m Section - Milos M290V Quatro Truss,Yes,0.71m Section - Milos M290V Quatro Truss,Rigging,Truss,290 Silver,Rule 10,Local image,Present,No
1419,0.75m Section - Milos M390V Quatro Truss,Yes,0.75m Section - Milos M390V Quatro Truss,Rigging,Truss,390 Silver,Rule 30,Local image,Present,No
292,0.91m / 3ft Aluminium 48mm Tube (Black),Yes,0.91m / 3ft Aluminium 48mm Tube (Black),Rigging,Pipe & Tube,Black Tube,Rule 80,Local image,Missing,Yes
293,0.91m / 3ft Aluminium 48mm Tube (Silver),Yes,0.91m / 3ft Aluminium 48mm Tube (Silver),Rigging,Pipe & Tube,Silver Tube,Rule 70,Local image,Missing,Yes
761,1000g Chain Hoist (10m EWL),Yes,1000g Chain Hoist (10m EWL),Rigging,Motors & Hoists,Chain Hoists,Rule 60,Local image,Present,No
134,1000mm Screw In Ground Anchor,No,1000mm Screw In Ground Anchor,Misc Items,Other Equipment,Browse All,Fallback,Not published,Missing,Yes
324,100m 8 Way multicore with 32a power line,Yes,100m 8 Way multicore with 32a power line,Cable,Other Equipment,Browse All,Fallback,Missing URL,Missing,Yes
1635,100m x 3mm Black Paracord,Yes,100m x 3mm Black Paracord,Consumables,Other Equipment,Browse All,Fallback,Local image,Missing,Yes
415,100w Black LED HQI 4000k,Yes,100w Black LED HQI 4000k,Site Lighting,Other Equipment,Browse All,Fallback,Local image,Missing,Yes
787,100 x Truss Pin & Clip Set - Milos 290 & 390 Series,Yes,100 x Truss Pin & Clip Set - Milos 290 & 390 Series,Rigging,Truss,Truss Accessories,Rule 5,Missing URL,Missing,Yes
458,10kg swl Rotator,Yes,10kg swl Rotator,Effects & Atmospherics,Other Equipment,Browse All,Fallback,Missing URL,Present,Yes
103,1.0m / 3.28ft Aluminium 48mm Tube (BLACK),Yes,1.0m / 3.28ft Aluminium 48mm Tube (BLACK),Rigging,Pipe & Tube,Black Tube,Rule 80,Local image,Missing,Yes
77,1.0m / 3.28ft Aluminium 48mm Tube (Silver),Yes,1.0m / 3.28ft Aluminium 48mm Tube (Silver),Rigging,Pipe & Tube,Silver Tube,Rule 70,Local image,Missing,Yes
1644,10m Braided FOH Desk Loom,Yes,10m Braided FOH Desk Loom,Cable,Other Equipment,Browse All,Fallback,Missing URL,Present,Yes
1226,10M connectable extension lead - Black cable,Yes,10M connectable extension lead - Black cable,Outdoor & Garden Lighting,Other Equipment,Browse All,Fallback,Local image,Missing,Yes
804,10m - MagicFx CO2 high pressure hose 3/8 Male - Female - MFX1108,No,10m - MagicFx CO2 high pressure hose 3/8 Male - Female - MFX1108,Effects & Atmospherics,Other Equipment,Browse All,Fallback,Not published,Missing,Yes
988,10M Outdoor LED icicle lights - Connectable black rubber cable,Yes,10M Outdoor LED icicle lights - Connectable black rubber cable,Outdoor & Garden Lighting,Other Equipment,Browse All,Fallback,Local image,Present,Yes
1244,10m Power + Data Cable BBD - BBD,Yes,10m Power + Data Cable BBD - BBD,Cable,Other Equipment,Browse All,Fallback,Local image,Missing,Yes
1297,10M RF Cable,Yes,10M RF Cable,Cable,Other Equipment,Browse All,Fallback,Missing URL,Missing,Yes
1116,10m Steel Wire Rope 2 Ton,Yes,10m Steel Wire Rope 2 Ton,Rigging,Rigging Hardware,Steels & Slings,Rule 90,Missing URL,Present,Yes
982,10M Warm White Fairy Lights - Connectable Black Cable,Yes,10M Warm White Fairy Lights - Connectable Black Cable,Outdoor & Garden Lighting,Other Equipment,Browse All,Fallback,Local image,Present,Yes
492,10m x 50mm Black Ratchet Strap - Continuous,Yes,10m x 50mm Black Ratchet Strap - Continuous,Rigging,Rigging Hardware,Ratchet Straps,Rule 100,Local image,Present,No
395,10 Rung Zarges,Yes,10 Rung Zarges,Rigging,Access Equipment,Ladders,Rule 120,Local image,Present,No
1296,10U Rack Case,Yes,10U Rack Case,Flightcases & Protection,Other Equipment,Browse All,Fallback,Missing URL,Missing,Yes
1318,10 Way Par Flight case,Yes,10 Way Par Flight case,Flightcases & Protection,Other Equipment,Browse All,Fallback,Missing URL,Missing,Yes
542,110v extension - 10m,Yes,110v extension - 10m,Cable,Other Equipment,Browse All,Fallback,Local image,Present,Yes
20,110v extension - 5m,Yes,110v extension - 5m,Cable,Other Equipment,Browse All,Fallback,Local image,Present,Yes
304,1.21m / 4ft Aluminium 48mm Tube (Black),Yes,1.21m / 4ft Aluminium 48mm Tube (Black),Rigging,Pipe & Tube,Black Tube,Rule 80,Local image,Missing,Yes
305,1.21m / 4ft Aluminium 48mm Tube (Silver),Yes,1.21m / 4ft Aluminium 48mm Tube (Silver),Rigging,Pipe & Tube,Silver Tube,Rule 70,Local image,Missing,Yes
1049,125a 3ph distro - Site Distro,Yes,125a 3ph distro - Site Distro,Power Distribution Hardware,Other Equipment,Browse All,Fallback,Missing URL,Present,Yes
1647,125a 3ph distro - Site Distro 2,Yes,125a 3ph distro - Site Distro 2,Power Distribution Hardware,Other Equipment,Browse All,Fallback,Missing URL,Present,Yes
361,125A 3phs EXT 10m,Yes,125A 3phs EXT 10m,Cable,Other Equipment,Browse All,Fallback,Local image,Missing,Yes
425,125A 3phs EXT 1m,Yes,125A 3phs EXT 1m,Cable,Other Equipment,Browse All,Fallback,Local image,Present,Yes
577,125A 3phs EXT 20m,Yes,125A 3phs EXT 20m,Cable,Other Equipment,Browse All,Fallback,Local image,Missing,Yes
835,125A 3phs EXT 2m,No,125A 3phs EXT 2m,Cable,Other Equipment,Browse All,Fallback,Not published,Present,Yes
686,125A 3phs EXT 5m,No,125A 3phs EXT 5m,Cable,Other Equipment,Browse All,Fallback,Not published,Missing,Yes
382,125A 3phs Step Down 63A 3 phs,Yes,125A 3phs Step Down 63A 3 phs,Cable,Other Equipment,Browse All,Fallback,Missing URL,Present,Yes
227,125A 3phs Step up to Power Lock,Yes,125A 3phs Step up to Power Lock,Cable,Other Equipment,Browse All,Fallback,Local image,Missing,Yes
452,125a 3phs to 2x 63A 3phs,Yes,125a 3phs to 2x 63A 3phs,Power Distribution Hardware,Other Equipment,Browse All,Fallback,Missing URL,Missing,Yes
1232,12 Rung Zarges,Yes,12 Rung Zarges,Rigging,Access Equipment,Ladders,Rule 120,Local image,Present,No
1172,12U Rack Case,Yes,12U Rack Case,Flightcases & Protection,Other Equipment,Browse All,Fallback,Missing URL,Missing,Yes
1211,12V PSU,Yes,12V PSU,Accessories,Other Equipment,Browse All,Fallback,Missing URL,Present,Yes
82,13a - 16a Ceeform Adapter,Yes,13a - 16a Ceeform Adapter,Cable,Other Equipment,Browse All,Fallback,Local image,Missing,Yes
904,13A 2 Way - 10 metre,Yes,13A 2 Way - 10 metre,Cable,Other Equipment,Browse All,Fallback,Missing URL,Missing,Yes
436,13A 2 Way - Short,Yes,13A 2 Way - Short,Cable,Other Equipment,Browse All,Fallback,Missing URL,Missing,Yes
909,13a - 4 Way - 10m,Yes,13a - 4 Way - 10m,Cable,Other Equipment,Browse All,Fallback,Missing URL,Missing,Yes
435,13a - 4 Way - 1m,Yes,13a - 4 Way - 1m,Cable,Other Equipment,Browse All,Fallback,Missing URL,Missing,Yes
483,13A 4 Way 3m (White),Yes,13A 4 Way 3m (White),Cable,Other Equipment,Browse All,Fallback,Missing URL,Missing,Yes
908,13a - 4 Way - 5m,Yes,13a - 4 Way - 5m,Cable,Other Equipment,Browse All,Fallback,Missing URL,Missing,Yes
437,13A Extension,Yes,13A Extension,Cable,Other Equipment,Browse All,Fallback,Missing URL,Missing,Yes
448,13A Extension Reel,Yes,13A Extension Reel,Cable,Other Equipment,Browse All,Fallback,Missing URL,Missing,Yes
911,13a - Fairy Light Power Cable - Black,Yes,13a - Fairy Light Power Cable - Black,Outdoor & Garden Lighting,Other Equipment,Browse All,Fallback,Local image,Missing,Yes
889,13a - Fairy Light Power Cable - White,Yes,13a - Fairy Light Power Cable - White,Outdoor & Garden Lighting,Other Equipment,Browse All,Fallback,Missing URL,Missing,Yes
444,13A - Fig 8,Yes,13A - Fig 8,Cable,Other Equipment,Browse All,Fallback,Missing URL,Missing,Yes
443,13A - IEC adaptor,Yes,13A - IEC adaptor,Cable,Other Equipment,Browse All,Fallback,Local image,Missing,Yes
446,13A - Powercon cable (short adapter),Yes,13A - Powercon cable (short adapter),Cable,Other Equipment,Browse All,Fallback,Missing URL,Missing,Yes
270,13A to 15A,Yes,13A to 15A,Cable,Other Equipment,Browse All,Fallback,Missing URL,Missing,Yes
248,13A to CloverLeaf IEC,Yes,13A to CloverLeaf IEC,Cable,Other Equipment,Browse All,Fallback,Local image,Missing,Yes
1311,13A - True 1,Yes,13A - True 1,Cable,Other Equipment,Browse All,Fallback,Missing URL,Missing,Yes
1113,14 Degree Ellipsoidal Lens,Yes,14 Degree Ellipsoidal Lens,Accessories,Other Equipment,Browse All,Fallback,Local image,Missing,Yes
1300,14M RF Cable,Yes,14M RF Cable,Cable,Other Equipment,Browse All,Fallback,Missing URL,Missing,Yes
394,14 Rung Zarges,Yes,14 Rung Zarges,Rigging,Access Equipment,Ladders,Rule 120,Local image,Present,No
1278,14U Rack Case,Yes,14U Rack Case,Flightcases & Protection,Other Equipment,Browse All,Fallback,Missing URL,Missing,Yes
145,150mm Double Ended Hook Clamp - Black,Yes,150mm Double Ended Hook Clamp - Black,Rigging,Rigging Hardware,Clamps & Hardware,Rule 110,Local image,Missing,Yes
1642,150m Multicore - 2x MultiMode Quad Fibre & 1x 16A 4mm,Yes,150m Multicore - 2x MultiMode Quad Fibre & 1x 16A 4mm,Cable,Other Equipment,Browse All,Fallback,Missing URL,Missing,Yes
104,1.52m / 5ft Aluminium 48mm Tube (Black),Yes,1.52m / 5ft Aluminium 48mm Tube (Black),Rigging,Pipe & Tube,Black Tube,Rule 80,Local image,Missing,Yes
165,1.52m / 5ft Aluminium 48mm Tube (Silver),Yes,1.52m / 5ft Aluminium 48mm Tube (Silver),Rigging,Pipe & Tube,Silver Tube,Rule 70,Local image,Missing,Yes
441,15A 2 way Grelco,Yes,15A 2 way Grelco,Cable,Other Equipment,Browse All,Fallback,Missing URL,Missing,Yes
442,15A 3 Way,Yes,15A 3 Way,Cable,Other Equipment,Browse All,Fallback,Missing URL,Missing,Yes
44,15a M - 16a F Ceeform Adapter Cable,Yes,15a M - 16a F Ceeform Adapter Cable,Cable,Other Equipment,Browse All,Fallback,Local image,Present,Yes
438,15A to IEC,Yes,15A to IEC,Cable,Other Equipment,Browse All,Fallback,Missing URL,Missing,Yes
357,15kg Safety Bond - GREY Wolf Branded,Yes,15kg Safety Bond - GREY Wolf Branded,Rigging,Rigging Hardware,Steels & Slings,Rule 90,Local image,Missing,Yes
876,1.5m 1T Steel Wire Rope PVC Coated,Yes,1.5m 1T Steel Wire Rope PVC Coated,Rigging,Rigging Hardware,Steels & Slings,Rule 90,Local image,Missing,Yes
803,15m - MagicFx CO2 high pressure hose 3/8 Male - Female - MFX1109,No,15m - MagicFx CO2 high pressure hose 3/8 Male - Female - MFX1109,Effects & Atmospherics,Other Equipment,Browse All,Fallback,Not published,Missing,Yes
25,1.5m Section - Milos M290 Quatro Truss,Yes,1.5m Section - Milos M290 Quatro Truss,Rigging,Truss,290 Silver,Rule 10,Local image,Present,No
1464,1.5m Section - Milos M290 Quatro Truss (Black),Yes,1.5m Section - Milos M290 Quatro Truss (Black),Rigging,Truss,290 Black,Rule 20,Local image,Present,No
1420,1.5m Section - Milos M390 Quatro Truss,Yes,1.5m Section - Milos M390 Quatro Truss,Rigging,Truss,390 Silver,Rule 30,Local image,Present,No
730,1.5m Steel Wire Rope 2 Ton,Yes,1.5m Steel Wire Rope 2 Ton,Rigging,Rigging Hardware,Steels & Slings,Rule 90,Missing URL,Present,Yes
1215,1.5m x 25mm Ratchet Strap Continuous,Yes,1.5m x 25mm Ratchet Strap Continuous,Rigging,Rigging Hardware,Ratchet Straps,Rule 100,Local image,Missing,Yes
429,15w BC Clear Golf Ball Lamp,Yes,15w BC Clear Golf Ball Lamp,Consumables,Other Equipment,Browse All,Fallback,Local image,Missing,Yes
84,16a - 13a 2 Way Adaptor,Yes,16a - 13a 2 Way Adaptor,Cable,Other Equipment,Browse All,Fallback,Local image,Missing,Yes
980,16a - 2m Fairy Light Power Cable - Black,Yes,16a - 2m Fairy Light Power Cable - Black,Outdoor & Garden Lighting,Other Equipment,Browse All,Fallback,Local image,Present,Yes
307,16a - 2 x 13a Plug Board with 16a loop out,Yes,16a - 2 x 13a Plug Board with 16a loop out,Power Distribution Hardware,Other Equipment,Browse All,Fallback,Local image,Present,Yes
636,16a - 2 x 13a & Thru - IP65,Yes,16a - 2 x 13a & Thru - IP65,Power Distribution Hardware,Other Equipment,Browse All,Fallback,Local image,Missing,Yes
129,16a - 4 x 13a Plug Board with 16a loop out,Yes,16a - 4 x 13a Plug Board with 16a loop out,Power Distribution Hardware,Other Equipment,Browse All,Fallback,Local image,Missing,Yes
877,16a - 6x 13a + Thru Plug Board,Yes,16a - 6x 13a + Thru Plug Board,Power Distribution Hardware,Other Equipment,Browse All,Fallback,Local image,Missing,Yes
454,16a - 8 x 13a Plug Board with 16a loop out,No,16a - 8 x 13a Plug Board with 16a loop out,Power Distribution Hardware,Other Equipment,Browse All,Fallback,Not published,Missing,Yes
34,16A Cable - 10m,Yes,16A Cable - 10m,Cable,Other Equipment,Browse All,Fallback,Local image,Missing,Yes
31,16A Cable - 1m,Yes,16A Cable - 1m,Cable,Other Equipment,Browse All,Fallback,Local image,Missing,Yes
35,16A Cable - 20m,Yes,16A Cable - 20m,Cable,Other Equipment,Browse All,Fallback,Local image,Missing,Yes
712,16A Cable - 2m,Yes,16A Cable - 2m,Cable,Other Equipment,Browse All,Fallback,Local image,Missing,Yes
36,16A Cable - 30m,Yes,16A Cable - 30m,Cable,Other Equipment,Browse All,Fallback,Local image,Missing,Yes
32,16A Cable - 3m,Yes,16A Cable - 3m,Cable,Other Equipment,Browse All,Fallback,Local image,Missing,Yes
33,16A Cable - 5m,Yes,16A Cable - 5m,Cable,Other Equipment,Browse All,Fallback,Local image,Missing,Yes
1595,16a cable pack - Large,Yes,16a cable pack - Large,Cable,Other Equipment,Browse All,Fallback,Local image,Present,Yes
882,16a cable pack - Small,Yes,16a cable pack - Small,Cable,Other Equipment,Browse All,Fallback,Local image,Present,Yes
83,16a Ceeform - 13a Single Adaptor,Yes,16a Ceeform - 13a Single Adaptor,Cable,Other Equipment,Browse All,Fallback,Local image,Missing,Yes
269,16A CeeForm to 5 Way IEC Block,Yes,16A CeeForm to 5 Way IEC Block,Cable,Other Equipment,Browse All,Fallback,Missing URL,Missing,Yes
13,16a  - IEC adaptor,Yes,16a  - IEC adaptor,Cable,Other Equipment,Browse All,Fallback,Local image,Missing,Yes
655,16A - IP66 Connector,Yes,16A - IP66 Connector,Accessories,Other Equipment,Browse All,Fallback,Local image,Missing,Yes
1284,16A - IP66 Connector (Q16 Power Connector),Yes,16A - IP66 Connector (Q16 Power Connector),Cable,Other Equipment,Browse All,Fallback,Local image,Missing,Yes
1154,16A - IP66 Connector (Solar Power Connector),Yes,16A - IP66 Connector (Solar Power Connector),Cable,Other Equipment,Browse All,Fallback,Local image,Missing,Yes
43,16a M Ceeform - 15a Adapter Cable,Yes,16a M Ceeform - 15a Adapter Cable,Cable,Other Equipment,Browse All,Fallback,Local image,Present,Yes
19,16a M Ceeform - 2 x 110v Serial Split,Yes,16a M Ceeform - 2 x 110v Serial Split,Cable,Other Equipment,Browse All,Fallback,Local image,Present,Yes
11,16a M Ceeform - Powercon cable,Yes,16a M Ceeform - Powercon cable,Cable,Other Equipment,Browse All,Fallback,Local image,Missing,Yes
595,16a M Ceeform -True 1,Yes,16a M Ceeform -True 1,Cable,Other Equipment,Browse All,Fallback,Local image,Missing,Yes
170,16amp extension cable. 50m,Yes,16amp extension cable. 50m,Cable,Other Equipment,Browse All,Fallback,Local image,Missing,Yes
1236,16A - Prolights IP65,Yes,16A - Prolights IP65,Cable,Other Equipment,Browse All,Fallback,Missing URL,Missing,Yes
49,16a Splitter. Molded 2 way,Yes,16a Splitter. Molded 2 way,Cable,Other Equipment,Browse All,Fallback,Local image,Missing,Yes
48,16a Splitter. Molded 3way,Yes,16a Splitter. Molded 3way,Cable,Other Equipment,Browse All,Fallback,Local image,Missing,Yes
844,16a Splitter. Molded 3way (copy 20200125100623),No,16a Splitter. Molded 3way (copy 20200125100623),Cable,Other Equipment,Browse All,Fallback,Not published,Missing,Yes
251,16A Step Up 32A,Yes,16A Step Up 32A,Cable,Other Equipment,Browse All,Fallback,Local image,Present,Yes
447,16a T CeeForm- Powercon cable,Yes,16a T CeeForm- Powercon cable,Cable,Other Equipment,Browse All,Fallback,Missing URL,Missing,Yes
267,16A  T CeeForm to 13A 4 Way,Yes,16A  T CeeForm to 13A 4 Way,Cable,Other Equipment,Browse All,Fallback,Local image,Missing,Yes
853,16a T CeeForm- True 1 cable,Yes,16a T CeeForm- True 1 cable,Cable,Other Equipment,Browse All,Fallback,Local image,Present,Yes
130,16A Y-Split (Cable),Yes,16A Y-Split (Cable),Cable,Other Equipment,Browse All,Fallback,Local image,Missing,Yes
365,16A Y Split IEC,Yes,16A Y Split IEC,Cable,Other Equipment,Browse All,Fallback,Missing URL,Missing,Yes
1107,17/19mm Podger,Yes,17/19mm Podger,Misc Items,Other Equipment,Browse All,Fallback,Local image,Missing,Yes
166,1.83m / 6ft Aluminium 48mm Tube (Black),Yes,1.83m / 6ft Aluminium 48mm Tube (Black),Rigging,Pipe & Tube,Black Tube,Rule 80,Local image,Missing,Yes
290,1.83m / 6ft Aluminium 48mm Tube (Silver),Yes,1.83m / 6ft Aluminium 48mm Tube (Silver),Rigging,Pipe & Tube,Silver Tube,Rule 70,Local image,Missing,Yes
234,"18"" Stage Fan - Non Controlled",Yes,"18"" Stage Fan - Non Controlled",Effects & Atmospherics,Other Equipment,Browse All,Fallback,Local image,Missing,Yes
1353,"18"" Stage Fan - Non Controlled (Black)",Yes,"18"" Stage Fan - Non Controlled (Black)",Effects & Atmospherics,Other Equipment,Browse All,Fallback,Local image,Missing,Yes
320,19 Degree Ellipsoidal Lens,Yes,19 Degree Ellipsoidal Lens,Accessories,Other Equipment,Browse All,Fallback,Local image,Missing,Yes
1047,1m 1T Steel Wire Rope PVC Coated,Yes,1m 1T Steel Wire Rope PVC Coated,Rigging,Rigging Hardware,Steels & Slings,Rule 90,Local image,Present,No
611,1m 2T Steel Wire Rope PVC Coated,Yes,1m 2T Steel Wire Rope PVC Coated,Rigging,Rigging Hardware,Steels & Slings,Rule 90,Local image,Present,No
1030,1m / 3.28ft Aluminium 48mm Tube (Black),No,1m / 3.28ft Aluminium 48mm Tube (Black),Rigging,Pipe & Tube,Black Tube,Rule 80,Not published,Missing,Yes
1257,1m BC Festoon Pendant – B22 Lamp Holder,Yes,1m BC Festoon Pendant – B22 Lamp Holder,Accessories,Other Equipment,Browse All,Fallback,Local image,Missing,Yes
1542,1m BC Festoon Pendant – E27 Lamp Holder,Yes,1m BC Festoon Pendant – E27 Lamp Holder,Accessories,Other Equipment,Browse All,Fallback,Local image,Missing,Yes
818,1m Corner Brace with half couplers,Yes,1m Corner Brace with half couplers,Rigging,Other Equipment,Browse All,Fallback,Local image,Missing,Yes
1029,1m Mirror Ball,Yes,1m Mirror Ball,Effects & Atmospherics,Other Equipment,Browse All,Fallback,Missing URL,Missing,Yes
24,1m Section - Milos M290 Quatro Truss,Yes,1m Section - Milos M290 Quatro Truss,Rigging,Truss,290 Silver,Rule 10,Local image,Present,No
711,1m Section - Milos M290 Quatro Truss (BLACK),Yes,1m Section - Milos M290 Quatro Truss (BLACK),Rigging,Truss,290 Black,Rule 20,Local image,Present,No
1222,1m Section - Milos M290V Trio Truss,Yes,1m Section - Milos M290V Trio Truss,Rigging,Truss,290 Silver,Rule 10,Local image,Present,No
1445,1m Section - Milos M290V Trio Truss (Black),Yes,1m Section - Milos M290V Trio Truss (Black),Rigging,Truss,290 Black,Rule 20,Missing URL,Missing,Yes
676,1m Section - Milos M390 Quatro Truss,Yes,1m Section - Milos M390 Quatro Truss,Rigging,Truss,390 Silver,Rule 30,Local image,Present,No
732,1m Steel Wire Rope 2 Ton,Yes,1m Steel Wire Rope 2 Ton,Rigging,Rigging Hardware,Steels & Slings,Rule 90,Missing URL,Present,Yes
1460,1m x 25mm Ratchet Strap Continuous,Yes,1m x 25mm Ratchet Strap Continuous,Rigging,Rigging Hardware,Ratchet Straps,Rule 100,Local image,Missing,Yes
388,1 Ton Master Link - Yellow,Yes,1 Ton Master Link - Yellow,Rigging,Rigging Hardware,Clamps & Hardware,Rule 110,Local image,Missing,Yes
1380,1 Tonne Beam Clamp - Black Adjustable Width,Yes,1 Tonne Beam Clamp - Black Adjustable Width,Rigging,Rigging Hardware,Clamps & Hardware,Rule 110,Local image,Present,No
1171,1U Briefcase,Yes,1U Briefcase,Flightcases & Protection,Other Equipment,Browse All,Fallback,Missing URL,Missing,Yes
1277,1U Briefcase With Sleeve,Yes,1U Briefcase With Sleeve,Flightcases & Protection,Other Equipment,Browse All,Fallback,Missing URL,Missing,Yes
209,"20.5"" x 20.5"" GP Corner Block 4 Way (Black)",Yes,"20.5"" x 20.5"" GP Corner Block 4 Way (Black)",Rigging,Other Equipment,Browse All,Fallback,Local image,Missing,Yes
215,"20.5"" x 20.5"" GP Truss Plated 2ft (Black)",Yes,"20.5"" x 20.5"" GP Truss Plated 2ft (Black)",Rigging,Other Equipment,Browse All,Fallback,Local image,Missing,Yes
208,"20.5"" x 20.5"" GP Truss Plated 4ft (Black)",Yes,"20.5"" x 20.5"" GP Truss Plated 4ft (Black)",Rigging,Other Equipment,Browse All,Fallback,Local image,Missing,Yes
105,2.0m / 6.56ft Aluminium 48mm Tube (BLACK),Yes,2.0m / 6.56ft Aluminium 48mm Tube (BLACK),Rigging,Pipe & Tube,Black Tube,Rule 80,Local image,Missing,Yes
296,2.0m / 6.56ft Aluminium 48mm Tube (Silver),Yes,2.0m / 6.56ft Aluminium 48mm Tube (Silver),Rigging,Pipe & Tube,Silver Tube,Rule 70,Local image,Missing,Yes
1432,2.0m BC Festoon Pendant – E27 Lamp Holder,Yes,2.0m BC Festoon Pendant – E27 Lamp Holder,Accessories,Other Equipment,Browse All,Fallback,Local image,Missing,Yes
1125,20m Steel Wire Rope 1 Ton,Yes,20m Steel Wire Rope 1 Ton,Rigging,Rigging Hardware,Steels & Slings,Rule 90,Missing URL,Present,Yes
291,2.44m / 8ft Aluminium 48mm Tube (Black),Yes,2.44m / 8ft Aluminium 48mm Tube (Black),Rigging,Pipe & Tube,Black Tube,Rule 80,Local image,Missing,Yes
284,2.44m / 8ft Aluminium 48mm Tube (Silver),Yes,2.44m / 8ft Aluminium 48mm Tube (Silver),Rigging,Pipe & Tube,Silver Tube,Rule 70,Local image,Missing,Yes
1106,24mm Spanner,Yes,24mm Spanner,Misc Items,Other Equipment,Browse All,Fallback,Local image,Missing,Yes
1011,"24"" Monitor Case",Yes,"24"" Monitor Case",Flightcases & Protection,Other Equipment,Browse All,Fallback,Missing URL,Missing,Yes
271,250kg Chain Hoist,Yes,250kg Chain Hoist,Rigging,Motors & Hoists,Chain Hoists,Rule 60,Local image,Present,No
1573,2.5m / 8.21ft  Aluminium 48mm Tube,Yes,2.5m / 8.21ft  Aluminium 48mm Tube,Rigging,Pipe & Tube,Silver Tube,Rule 70,Missing URL,Missing,Yes
1114,2.5m / 8.21ft  Aluminium 48mm Tube (Black),Yes,2.5m / 8.21ft  Aluminium 48mm Tube (Black),Rigging,Pipe & Tube,Black Tube,Rule 80,Local image,Missing,Yes
1433,2.5m BC Festoon Pendant – E27 Lamp Holder,Yes,2.5m BC Festoon Pendant – E27 Lamp Holder,Accessories,Other Equipment,Browse All,Fallback,Local image,Missing,Yes
1651,25m Power + Data Cable BBD - BBD,Yes,25m Power + Data Cable BBD - BBD,Cable,Other Equipment,Browse All,Fallback,Local image,Missing,Yes
1137,2.5m Section - Milos M290 Quatro Truss,Yes,2.5m Section - Milos M290 Quatro Truss,Rigging,Truss,290 Silver,Rule 10,Local image,Present,No
934,2.5m Section - Milos M390V Quatro Truss,Yes,2.5m Section - Milos M390V Quatro Truss,Rigging,Truss,390 Silver,Rule 30,Local image,Present,No
506,25w BC Clear Golf Ball Lamp,Yes,25w BC Clear Golf Ball Lamp,Consumables,Other Equipment,Browse All,Fallback,Local image,Missing,Yes
638,25w BC GREEN Golf Ball Lamp,Yes,25w BC GREEN Golf Ball Lamp,Consumables,Other Equipment,Browse All,Fallback,Missing URL,Missing,Yes
637,25w BC RED Golf Ball Lamp,Yes,25w BC RED Golf Ball Lamp,Consumables,Other Equipment,Browse All,Fallback,Missing URL,Missing,Yes
1023,26 Degree Ellipsoidal Lens,Yes,26 Degree Ellipsoidal Lens,Accessories,Other Equipment,Browse All,Fallback,Local image,Missing,Yes
23,290mm Adjustable Truss Corner Section,Yes,290mm Adjustable Truss Corner Section,Rigging,Other Equipment,Browse All,Fallback,Local image,Present,Yes
21,2 cell DWE Molefay - Black,Yes,2 cell DWE Molefay - Black,Generic Lighting,Other Equipment,Browse All,Fallback,Local image,Present,Yes
759,2ft Section - Slick Mini Beam Truss (Black),Yes,2ft Section - Slick Mini Beam Truss (Black),Rigging,Other Equipment,Browse All,Fallback,Local image,Missing,Yes
1225,2M connectable extension lead - Black cable,Yes,2M connectable extension lead - Black cable,Outdoor & Garden Lighting,Other Equipment,Browse All,Fallback,Local image,Missing,Yes
819,2m Corner Brace with half couplers,Yes,2m Corner Brace with half couplers,Rigging,Other Equipment,Browse All,Fallback,Local image,Missing,Yes
325,2m Section - Milos M290 Quatro Truss,Yes,2m Section - Milos M290 Quatro Truss,Rigging,Truss,290 Silver,Rule 10,Local image,Missing,Yes
693,2m Section - Milos M290 Quatro   Truss (Black),Yes,2m Section - Milos M290 Quatro   Truss (Black),Rigging,Truss,290 Black,Rule 20,Local image,Missing,Yes
1223,2m Section - Milos M290V Trio Truss,Yes,2m Section - Milos M290V Trio Truss,Rigging,Truss,290 Silver,Rule 10,Local image,Present,No
1456,2m Section - Milos M390 LED Truss (Black),Yes,2m Section - Milos M390 LED Truss (Black),Rigging,Truss,390 LED,Rule 40,Local image,Missing,Yes
851,2m Section - Milos M390V Quatro Truss,Yes,2m Section - Milos M390V Quatro Truss,Rigging,Truss,390 Silver,Rule 30,Local image,Present,No
719,2m Steel Wire Rope 2 Ton,Yes,2m Steel Wire Rope 2 Ton,Rigging,Rigging Hardware,Steels & Slings,Rule 90,Missing URL,Present,Yes
919,2m x 1.8m 280 Warm White LED Connectable Net Lights - Black Cable,Yes,2m x 1.8m 280 Warm White LED Connectable Net Lights - Black Cable,Outdoor & Garden Lighting,Other Equipment,Browse All,Fallback,Local image,Present,Yes
1356,2m x 1.8m 280 Warm White LED Connectable Net Lights - Black Cable mk2,Yes,2m x 1.8m 280 Warm White LED Connectable Net Lights - Black Cable mk2,Outdoor & Garden Lighting,Other Equipment,Browse All,Fallback,Local image,Present,Yes
1461,2m x 25mm Ratchet Strap Continuous,Yes,2m x 25mm Ratchet Strap Continuous,Rigging,Rigging Hardware,Ratchet Straps,Rule 100,Local image,Missing,Yes
1112,2m x 50mm Black Ratchet Strap - Continuous,Yes,2m x 50mm Black Ratchet Strap - Continuous,Rigging,Rigging Hardware,Ratchet Straps,Rule 100,Local image,Present,No
360,2t Bow Shackle,Yes,2t Bow Shackle,Rigging,Rigging Hardware,Clamps & Hardware,Rule 110,Local image,Missing,Yes
356,2 Tonne Beam Clamp - Black Adjustable Width,Yes,2 Tonne Beam Clamp - Black Adjustable Width,Rigging,Rigging Hardware,Clamps & Hardware,Rule 110,Image failed: HTTP 403,Present,Yes
683,2T Soft Steel (Black) 1M (0.5M EWL),Yes,2T Soft Steel (Black) 1M (0.5M EWL),Rigging,Rigging Hardware,Steels & Slings,Rule 90,Local image,Missing,Yes
682,2T Soft Steel (Black) 2M (1M EWL),Yes,2T Soft Steel (Black) 2M (1M EWL),Rigging,Rigging Hardware,Steels & Slings,Rule 90,Local image,Missing,Yes
1206,2T Soft Steel (Black) 3M (1.5M EWL),Yes,2T Soft Steel (Black) 3M (1.5M EWL),Rigging,Rigging Hardware,Steels & Slings,Rule 90,Local image,Missing,Yes
